date,region,resource_type,usage_cpu,usage_storage,users_active,usage_cpu_daily,usage_storage_daily,users_active_daily
2023-01-01,East US,VM,88,1959,470,899,18108,4644
2023-01-01,East US,Storage,92,1595,388,899,18108,4644
2023-01-01,East US,Container,70,621,414,899,18108,4644
2023-01-01,West US,VM,60,1982,287,899,18108,4644
2023-01-01,West US,Storage,85,1371,351,899,18108,4644
2023-01-01,West US,Container,52,1832,457,899,18108,4644
2023-01-01,North Europe,VM,73,1937,493,899,18108,4644
2023-01-01,North Europe,Storage,51,1715,476,899,18108,4644
2023-01-01,North Europe,Container,82,959,221,899,18108,4644
2023-01-01,Southeast Asia,VM,93,1356,248,899,18108,4644
2023-01-01,Southeast Asia,Storage,76,1582,369,899,18108,4644
2023-01-01,Southeast Asia,Container,77,1199,470,899,18108,4644
2023-01-02,East US,VM,96,1457,250,902,15442,3820
2023-01-02,East US,Storage,93,1767,330,902,15442,3820
2023-01-02,East US,Container,86,1146,220,902,15442,3820
2023-01-02,West US,VM,58,666,473,902,15442,3820
2023-01-02,West US,Storage,53,1100,213,902,15442,3820
2023-01-02,West US,Container,99,1276,252,902,15442,3820
2023-01-02,North Europe,VM,51,1863,291,902,15442,3820
2023-01-02,North Europe,Storage,96,1455,463,902,15442,3820
2023-01-02,North Europe,Container,96,534,405,902,15442,3820
2023-01-02,Southeast Asia,VM,66,1911,201,902,15442,3820
2023-01-02,Southeast Asia,Storage,55,1065,305,902,15442,3820
2023-01-02,Southeast Asia,Container,53,1202,417,902,15442,3820
2023-01-03,East US,VM,93,661,401,918,13773,4483
2023-01-03,East US,Storage,85,769,470,918,13773,4483
2023-01-03,East US,Container,57,1985,414,918,13773,4483
2023-01-03,West US,VM,89,1219,436,918,13773,4483
2023-01-03,West US,Storage,67,1378,252,918,13773,4483
2023-01-03,West US,Container,73,716,451,918,13773,4483
2023-01-03,North Europe,VM,94,1564,356,918,13773,4483
2023-01-03,North Europe,Storage,64,564,208,918,13773,4483
2023-01-03,North Europe,Container,73,1652,335,918,13773,4483
2023-01-03,Southeast Asia,VM,73,1586,338,918,13773,4483
2023-01-03,Southeast Asia,Storage,66,891,362,918,13773,4483
2023-01-03,Southeast Asia,Container,84,788,460,918,13773,4483
2023-01-04,East US,VM,91,730,240,865,13523,3926
2023-01-04,East US,Storage,77,634,400,865,13523,3926
2023-01-04,East US,Container,57,1279,232,865,13523,3926
2023-01-04,West US,VM,97,1002,261,865,13523,3926
2023-01-04,West US,Storage,73,1304,298,865,13523,3926
2023-01-04,West US,Container,93,1225,234,865,13523,3926
2023-01-04,North Europe,VM,50,1112,330,865,13523,3926
2023-01-04,North Europe,Storage,50,1528,417,865,13523,3926
2023-01-04,North Europe,Container,63,1370,482,865,13523,3926
2023-01-04,Southeast Asia,VM,58,706,214,865,13523,3926
2023-01-04,Southeast Asia,Storage,75,1391,378,865,13523,3926
2023-01-04,Southeast Asia,Container,81,1242,440,865,13523,3926
2023-01-05,East US,VM,81,984,430,918,18966,4441
2023-01-05,East US,Storage,94,1694,228,918,18966,4441
2023-01-05,East US,Container,85,1024,359,918,18966,4441
2023-01-05,West US,VM,56,1766,285,918,18966,4441
2023-01-05,West US,Storage,77,1077,369,918,18966,4441
2023-01-05,West US,Container,94,1512,333,918,18966,4441
2023-01-05,North Europe,VM,77,1551,307,918,18966,4441
2023-01-05,North Europe,Storage,93,1863,485,918,18966,4441
2023-01-05,North Europe,Container,60,1871,430,918,18966,4441
2023-01-05,Southeast Asia,VM,82,1908,482,918,18966,4441
2023-01-05,Southeast Asia,Storage,62,1782,397,918,18966,4441
2023-01-05,Southeast Asia,Container,57,1934,336,918,18966,4441
2023-01-06,East US,VM,86,1748,433,941,17423,4363
2023-01-06,East US,Storage,93,1163,359,941,17423,4363
2023-01-06,East US,Container,81,1995,432,941,17423,4363
2023-01-06,West US,VM,98,941,251,941,17423,4363
2023-01-06,West US,Storage,61,1909,312,941,17423,4363
2023-01-06,West US,Container,86,1451,280,941,17423,4363
2023-01-06,North Europe,VM,98,501,329,941,17423,4363
2023-01-06,North Europe,Storage,77,1354,423,941,17423,4363
2023-01-06,North Europe,Container,82,884,325,941,17423,4363
2023-01-06,Southeast Asia,VM,51,1576,371,941,17423,4363
2023-01-06,Southeast Asia,Storage,75,1939,446,941,17423,4363
2023-01-06,Southeast Asia,Container,53,1962,402,941,17423,4363
2023-01-07,East US,VM,66,1266,493,826,14528,4445
2023-01-07,East US,Storage,73,1383,297,826,14528,4445
2023-01-07,East US,Container,55,1481,439,826,14528,4445
2023-01-07,West US,VM,65,1108,400,826,14528,4445
2023-01-07,West US,Storage,55,963,458,826,14528,4445
2023-01-07,West US,Container,69,1263,346,826,14528,4445
2023-01-07,North Europe,VM,69,1363,398,826,14528,4445
2023-01-07,North Europe,Storage,90,1428,327,826,14528,4445
2023-01-07,North Europe,Container,88,837,328,826,14528,4445
2023-01-07,Southeast Asia,VM,60,972,350,826,14528,4445
2023-01-07,Southeast Asia,Storage,80,1821,298,826,14528,4445
2023-01-07,Southeast Asia,Container,56,643,311,826,14528,4445
2023-01-08,East US,VM,98,501,453,1000,13648,3888
2023-01-08,East US,Storage,61,952,236,1000,13648,3888
2023-01-08,East US,Container,81,1514,208,1000,13648,3888
2023-01-08,West US,VM,90,1622,346,1000,13648,3888
2023-01-08,West US,Storage,97,707,330,1000,13648,3888
2023-01-08,West US,Container,69,651,253,1000,13648,3888
2023-01-08,North Europe,VM,82,1127,274,1000,13648,3888
2023-01-08,North Europe,Storage,98,1943,303,1000,13648,3888
2023-01-08,North Europe,Container,69,753,426,1000,13648,3888
2023-01-08,Southeast Asia,VM,97,1009,298,1000,13648,3888
2023-01-08,Southeast Asia,Storage,74,1413,393,1000,13648,3888
2023-01-08,Southeast Asia,Container,84,1456,368,1000,13648,3888
2023-01-09,East US,VM,85,660,267,961,11921,4346
2023-01-09,East US,Storage,82,897,476,961,11921,4346
2023-01-09,East US,Container,97,1915,334,961,11921,4346
2023-01-09,West US,VM,52,900,327,961,11921,4346
2023-01-09,West US,Storage,82,1187,221,961,11921,4346
2023-01-09,West US,Container,95,537,429,961,11921,4346
2023-01-09,North Europe,VM,94,1062,463,961,11921,4346
2023-01-09,North Europe,Storage,76,526,425,961,11921,4346
2023-01-09,North Europe,Container,70,1297,296,961,11921,4346
2023-01-09,Southeast Asia,VM,77,1378,346,961,11921,4346
2023-01-09,Southeast Asia,Storage,53,1046,391,961,11921,4346
2023-01-09,Southeast Asia,Container,98,516,371,961,11921,4346
2023-01-10,East US,VM,77,657,245,867,13980,4467
2023-01-10,East US,Storage,55,598,432,867,13980,4467
2023-01-10,East US,Container,86,779,380,867,13980,4467
2023-01-10,West US,VM,80,1622,387,867,13980,4467
2023-01-10,West US,Storage,82,1639,390,867,13980,4467
2023-01-10,West US,Container,70,1427,360,867,13980,4467
2023-01-10,North Europe,VM,52,627,217,867,13980,4467
2023-01-10,North Europe,Storage,74,1065,257,867,13980,4467
2023-01-10,North Europe,Container,52,1185,479,867,13980,4467
2023-01-10,Southeast Asia,VM,99,1811,350,867,13980,4467
2023-01-10,Southeast Asia,Storage,51,654,472,867,13980,4467
2023-01-10,Southeast Asia,Container,89,1916,498,867,13980,4467
2023-01-11,East US,VM,97,1562,369,909,13464,4331
2023-01-11,East US,Storage,75,1420,212,909,13464,4331
2023-01-11,East US,Container,56,535,372,909,13464,4331
2023-01-11,West US,VM,69,820,463,909,13464,4331
2023-01-11,West US,Storage,95,899,341,909,13464,4331
2023-01-11,West US,Container,61,970,342,909,13464,4331
2023-01-11,North Europe,VM,77,1877,487,909,13464,4331
2023-01-11,North Europe,Storage,72,1353,250,909,13464,4331
2023-01-11,North Europe,Container,74,1074,389,909,13464,4331
2023-01-11,Southeast Asia,VM,71,813,257,909,13464,4331
2023-01-11,Southeast Asia,Storage,71,804,379,909,13464,4331
2023-01-11,Southeast Asia,Container,91,1337,470,909,13464,4331
2023-01-12,East US,VM,92,943,300,905,12827,4050
2023-01-12,East US,Storage,82,763,252,905,12827,4050
2023-01-12,East US,Container,93,504,302,905,12827,4050
2023-01-12,West US,VM,53,1273,246,905,12827,4050
2023-01-12,West US,Storage,84,1322,343,905,12827,4050
2023-01-12,West US,Container,62,869,323,905,12827,4050
2023-01-12,North Europe,VM,91,1156,319,905,12827,4050
2023-01-12,North Europe,Storage,68,1581,428,905,12827,4050
2023-01-12,North Europe,Container,75,616,478,905,12827,4050
2023-01-12,Southeast Asia,VM,58,1512,328,905,12827,4050
2023-01-12,Southeast Asia,Storage,50,1301,295,905,12827,4050
2023-01-12,Southeast Asia,Container,97,987,436,905,12827,4050
2023-01-13,East US,VM,50,1795,388,883,17631,4106
2023-01-13,East US,Storage,88,1203,268,883,17631,4106
2023-01-13,East US,Container,71,1360,446,883,17631,4106
2023-01-13,West US,VM,52,1599,353,883,17631,4106
2023-01-13,West US,Storage,65,1958,285,883,17631,4106
2023-01-13,West US,Container,78,1743,268,883,17631,4106
2023-01-13,North Europe,VM,96,1508,293,883,17631,4106
2023-01-13,North Europe,Storage,95,1457,403,883,17631,4106
2023-01-13,North Europe,Container,65,717,238,883,17631,4106
2023-01-13,Southeast Asia,VM,85,1812,453,883,17631,4106
2023-01-13,Southeast Asia,Storage,79,856,222,883,17631,4106
2023-01-13,Southeast Asia,Container,59,1623,489,883,17631,4106
2023-01-14,East US,VM,80,1261,346,942,15437,4028
2023-01-14,East US,Storage,81,1268,203,942,15437,4028
2023-01-14,East US,Container,65,1291,446,942,15437,4028
2023-01-14,West US,VM,51,996,359,942,15437,4028
2023-01-14,West US,Storage,76,1351,351,942,15437,4028
2023-01-14,West US,Container,61,1189,362,942,15437,4028
2023-01-14,North Europe,VM,82,1456,378,942,15437,4028
2023-01-14,North Europe,Storage,92,1791,264,942,15437,4028
2023-01-14,North Europe,Container,82,1691,242,942,15437,4028
2023-01-14,Southeast Asia,VM,93,784,211,942,15437,4028
2023-01-14,Southeast Asia,Storage,80,1825,452,942,15437,4028
2023-01-14,Southeast Asia,Container,99,534,414,942,15437,4028
2023-01-15,East US,VM,66,589,463,935,15032,4426
2023-01-15,East US,Storage,78,1469,289,935,15032,4426
2023-01-15,East US,Container,83,614,304,935,15032,4426
2023-01-15,West US,VM,56,1719,313,935,15032,4426
2023-01-15,West US,Storage,94,1598,416,935,15032,4426
2023-01-15,West US,Container,70,1520,448,935,15032,4426
2023-01-15,North Europe,VM,85,1917,391,935,15032,4426
2023-01-15,North Europe,Storage,84,1622,235,935,15032,4426
2023-01-15,North Europe,Container,67,1508,295,935,15032,4426
2023-01-15,Southeast Asia,VM,73,1162,389,935,15032,4426
2023-01-15,Southeast Asia,Storage,81,536,467,935,15032,4426
2023-01-15,Southeast Asia,Container,98,778,416,935,15032,4426
2023-01-16,East US,VM,84,1372,485,871,14076,4483
2023-01-16,East US,Storage,66,561,283,871,14076,4483
2023-01-16,East US,Container,97,1228,386,871,14076,4483
2023-01-16,West US,VM,68,676,299,871,14076,4483
2023-01-16,West US,Storage,61,944,432,871,14076,4483
2023-01-16,West US,Container,68,575,464,871,14076,4483
2023-01-16,North Europe,VM,56,1217,422,871,14076,4483
2023-01-16,North Europe,Storage,68,1890,343,871,14076,4483
2023-01-16,North Europe,Container,54,1622,224,871,14076,4483
2023-01-16,Southeast Asia,VM,70,1674,343,871,14076,4483
2023-01-16,Southeast Asia,Storage,88,608,380,871,14076,4483
2023-01-16,Southeast Asia,Container,91,1709,422,871,14076,4483
2023-01-17,East US,VM,54,1686,414,919,13833,4447
2023-01-17,East US,Storage,78,734,345,919,13833,4447
2023-01-17,East US,Container,96,1087,208,919,13833,4447
2023-01-17,West US,VM,59,1453,452,919,13833,4447
2023-01-17,West US,Storage,87,1697,340,919,13833,4447
2023-01-17,West US,Container,89,669,482,919,13833,4447
2023-01-17,North Europe,VM,51,528,364,919,13833,4447
2023-01-17,North Europe,Storage,87,838,335,919,13833,4447
2023-01-17,North Europe,Container,97,1888,344,919,13833,4447
2023-01-17,Southeast Asia,VM,56,716,331,919,13833,4447
2023-01-17,Southeast Asia,Storage,85,1593,451,919,13833,4447
2023-01-17,Southeast Asia,Container,80,944,381,919,13833,4447
2023-01-18,East US,VM,88,590,401,934,13149,3987
2023-01-18,East US,Storage,75,538,325,934,13149,3987
2023-01-18,East US,Container,52,672,340,934,13149,3987
2023-01-18,West US,VM,99,1743,325,934,13149,3987
2023-01-18,West US,Storage,69,975,200,934,13149,3987
2023-01-18,West US,Container,52,847,389,934,13149,3987
2023-01-18,North Europe,VM,98,1932,316,934,13149,3987
2023-01-18,North Europe,Storage,55,557,243,934,13149,3987
2023-01-18,North Europe,Container,94,1171,372,934,13149,3987
2023-01-18,Southeast Asia,VM,96,1672,279,934,13149,3987
2023-01-18,Southeast Asia,Storage,70,702,451,934,13149,3987
2023-01-18,Southeast Asia,Container,86,1750,346,934,13149,3987
2023-01-19,East US,VM,69,1964,246,805,16710,3870
2023-01-19,East US,Storage,90,1828,213,805,16710,3870
2023-01-19,East US,Container,64,1938,200,805,16710,3870
2023-01-19,West US,VM,52,1155,211,805,16710,3870
2023-01-19,West US,Storage,59,1235,471,805,16710,3870
2023-01-19,West US,Container,57,857,355,805,16710,3870
2023-01-19,North Europe,VM,57,1645,363,805,16710,3870
2023-01-19,North Europe,Storage,75,1197,377,805,16710,3870
2023-01-19,North Europe,Container,77,1231,240,805,16710,3870
2023-01-19,Southeast Asia,VM,85,1001,344,805,16710,3870
2023-01-19,Southeast Asia,Storage,58,1428,411,805,16710,3870
2023-01-19,Southeast Asia,Container,62,1231,439,805,16710,3870
2023-01-20,East US,VM,78,1408,245,975,16514,4002
2023-01-20,East US,Storage,84,1776,281,975,16514,4002
2023-01-20,East US,Container,54,949,209,975,16514,4002
2023-01-20,West US,VM,79,1765,450,975,16514,4002
2023-01-20,West US,Storage,94,1528,318,975,16514,4002
2023-01-20,West US,Container,82,873,264,975,16514,4002
2023-01-20,North Europe,VM,67,723,438,975,16514,4002
2023-01-20,North Europe,Storage,98,1352,481,975,16514,4002
2023-01-20,North Europe,Container,74,1326,482,975,16514,4002
2023-01-20,Southeast Asia,VM,98,1984,297,975,16514,4002
2023-01-20,Southeast Asia,Storage,90,1622,205,975,16514,4002
2023-01-20,Southeast Asia,Container,77,1208,332,975,16514,4002
2023-01-21,East US,VM,87,1270,222,825,15581,4496
2023-01-21,East US,Storage,86,1176,401,825,15581,4496
2023-01-21,East US,Container,59,582,344,825,15581,4496
2023-01-21,West US,VM,70,1601,200,825,15581,4496
2023-01-21,West US,Storage,94,1216,459,825,15581,4496
2023-01-21,West US,Container,50,1380,487,825,15581,4496
2023-01-21,North Europe,VM,83,1871,294,825,15581,4496
2023-01-21,North Europe,Storage,57,653,449,825,15581,4496
2023-01-21,North Europe,Container,83,937,317,825,15581,4496
2023-01-21,Southeast Asia,VM,52,1829,467,825,15581,4496
2023-01-21,Southeast Asia,Storage,50,1577,435,825,15581,4496
2023-01-21,Southeast Asia,Container,54,1489,421,825,15581,4496
2023-01-22,East US,VM,66,1123,454,940,16014,4235
2023-01-22,East US,Storage,96,1418,406,940,16014,4235
2023-01-22,East US,Container,86,1352,265,940,16014,4235
2023-01-22,West US,VM,60,934,302,940,16014,4235
2023-01-22,West US,Storage,87,1263,425,940,16014,4235
2023-01-22,West US,Container,87,1829,297,940,16014,4235
2023-01-22,North Europe,VM,67,1297,448,940,16014,4235
2023-01-22,North Europe,Storage,87,1483,229,940,16014,4235
2023-01-22,North Europe,Container,91,580,332,940,16014,4235
2023-01-22,Southeast Asia,VM,78,1399,337,940,16014,4235
2023-01-22,Southeast Asia,Storage,66,1853,472,940,16014,4235
2023-01-22,Southeast Asia,Container,69,1483,268,940,16014,4235
2023-01-23,East US,VM,83,552,404,882,12329,3951
2023-01-23,East US,Storage,92,542,439,882,12329,3951
2023-01-23,East US,Container,60,610,448,882,12329,3951
2023-01-23,West US,VM,72,1706,294,882,12329,3951
2023-01-23,West US,Storage,60,1897,207,882,12329,3951
2023-01-23,West US,Container,53,859,383,882,12329,3951
2023-01-23,North Europe,VM,74,1718,394,882,12329,3951
2023-01-23,North Europe,Storage,76,592,359,882,12329,3951
2023-01-23,North Europe,Container,99,560,321,882,12329,3951
2023-01-23,Southeast Asia,VM,68,1528,291,882,12329,3951
2023-01-23,Southeast Asia,Storage,91,1033,200,882,12329,3951
2023-01-23,Southeast Asia,Container,54,732,211,882,12329,3951
2023-01-24,East US,VM,75,1569,233,997,15649,3982
2023-01-24,East US,Storage,98,1601,417,997,15649,3982
2023-01-24,East US,Container,94,1596,481,997,15649,3982
2023-01-24,West US,VM,96,1644,413,997,15649,3982
2023-01-24,West US,Storage,96,1579,306,997,15649,3982
2023-01-24,West US,Container,97,836,225,997,15649,3982
2023-01-24,North Europe,VM,85,1780,207,997,15649,3982
2023-01-24,North Europe,Storage,98,1776,379,997,15649,3982
2023-01-24,North Europe,Container,64,802,326,997,15649,3982
2023-01-24,Southeast Asia,VM,71,1025,227,997,15649,3982
2023-01-24,Southeast Asia,Storage,72,577,415,997,15649,3982
2023-01-24,Southeast Asia,Container,51,864,353,997,15649,3982
2023-01-25,East US,VM,63,1198,206,906,15105,4040
2023-01-25,East US,Storage,52,1418,437,906,15105,4040
2023-01-25,East US,Container,92,1797,493,906,15105,4040
2023-01-25,West US,VM,84,1538,391,906,15105,4040
2023-01-25,West US,Storage,74,984,227,906,15105,4040
2023-01-25,West US,Container,59,1562,472,906,15105,4040
2023-01-25,North Europe,VM,88,585,325,906,15105,4040
2023-01-25,North Europe,Storage,93,1036,344,906,15105,4040
2023-01-25,North Europe,Container,62,1735,224,906,15105,4040
2023-01-25,Southeast Asia,VM,53,1917,266,906,15105,4040
2023-01-25,Southeast Asia,Storage,90,608,345,906,15105,4040
2023-01-25,Southeast Asia,Container,96,727,310,906,15105,4040
2023-01-26,East US,VM,71,533,310,852,15469,3806
2023-01-26,East US,Storage,57,1892,435,852,15469,3806
2023-01-26,East US,Container,68,924,300,852,15469,3806
2023-01-26,West US,VM,55,1191,481,852,15469,3806
2023-01-26,West US,Storage,83,1966,428,852,15469,3806
2023-01-26,West US,Container,82,1960,349,852,15469,3806
2023-01-26,North Europe,VM,70,1123,203,852,15469,3806
2023-01-26,North Europe,Storage,79,1342,294,852,15469,3806
2023-01-26,North Europe,Container,73,1322,336,852,15469,3806
2023-01-26,Southeast Asia,VM,52,742,230,852,15469,3806
2023-01-26,Southeast Asia,Storage,89,728,235,852,15469,3806
2023-01-26,Southeast Asia,Container,73,1746,205,852,15469,3806
2023-01-27,East US,VM,51,967,419,859,11386,4228
2023-01-27,East US,Storage,60,503,333,859,11386,4228
2023-01-27,East US,Container,98,1003,261,859,11386,4228
2023-01-27,West US,VM,51,1346,402,859,11386,4228
2023-01-27,West US,Storage,57,1549,372,859,11386,4228
2023-01-27,West US,Container,93,825,317,859,11386,4228
2023-01-27,North Europe,VM,53,1223,424,859,11386,4228
2023-01-27,North Europe,Storage,69,612,339,859,11386,4228
2023-01-27,North Europe,Container,96,500,289,859,11386,4228
2023-01-27,Southeast Asia,VM,63,819,237,859,11386,4228
2023-01-27,Southeast Asia,Storage,86,638,458,859,11386,4228
2023-01-27,Southeast Asia,Container,82,1401,377,859,11386,4228
2023-01-28,East US,VM,59,760,337,880,15385,3769
2023-01-28,East US,Storage,93,1397,212,880,15385,3769
2023-01-28,East US,Container,89,820,300,880,15385,3769
2023-01-28,West US,VM,58,1284,464,880,15385,3769
2023-01-28,West US,Storage,60,1410,237,880,15385,3769
2023-01-28,West US,Container,84,1618,268,880,15385,3769
2023-01-28,North Europe,VM,93,833,336,880,15385,3769
2023-01-28,North Europe,Storage,83,1087,234,880,15385,3769
2023-01-28,North Europe,Container,50,1819,259,880,15385,3769
2023-01-28,Southeast Asia,VM,78,1372,428,880,15385,3769
2023-01-28,Southeast Asia,Storage,63,1297,490,880,15385,3769
2023-01-28,Southeast Asia,Container,70,1688,204,880,15385,3769
2023-01-29,East US,VM,68,1902,277,887,16925,4104
2023-01-29,East US,Storage,75,1073,331,887,16925,4104
2023-01-29,East US,Container,74,1565,288,887,16925,4104
2023-01-29,West US,VM,67,795,494,887,16925,4104
2023-01-29,West US,Storage,89,1299,378,887,16925,4104
2023-01-29,West US,Container,87,1546,262,887,16925,4104
2023-01-29,North Europe,VM,64,1492,352,887,16925,4104
2023-01-29,North Europe,Storage,66,1748,303,887,16925,4104
2023-01-29,North Europe,Container,89,1562,397,887,16925,4104
2023-01-29,Southeast Asia,VM,55,1078,378,887,16925,4104
2023-01-29,Southeast Asia,Storage,57,1053,214,887,16925,4104
2023-01-29,Southeast Asia,Container,96,1812,430,887,16925,4104
2023-01-30,East US,VM,76,919,356,844,18127,4204
2023-01-30,East US,Storage,87,1964,296,844,18127,4204
2023-01-30,East US,Container,86,1934,488,844,18127,4204
2023-01-30,West US,VM,53,1097,209,844,18127,4204
2023-01-30,West US,Storage,54,1364,317,844,18127,4204
2023-01-30,West US,Container,87,1682,427,844,18127,4204
2023-01-30,North Europe,VM,94,715,383,844,18127,4204
2023-01-30,North Europe,Storage,64,1680,335,844,18127,4204
2023-01-30,North Europe,Container,54,1680,246,844,18127,4204
2023-01-30,Southeast Asia,VM,53,1343,372,844,18127,4204
2023-01-30,Southeast Asia,Storage,51,1934,294,844,18127,4204
2023-01-30,Southeast Asia,Container,85,1815,481,844,18127,4204
2023-01-31,East US,VM,92,1806,268,899,14764,4059
2023-01-31,East US,Storage,69,510,453,899,14764,4059
2023-01-31,East US,Container,59,1371,237,899,14764,4059
2023-01-31,West US,VM,55,1211,222,899,14764,4059
2023-01-31,West US,Storage,96,845,417,899,14764,4059
2023-01-31,West US,Container,62,1457,409,899,14764,4059
2023-01-31,North Europe,VM,74,1492,310,899,14764,4059
2023-01-31,North Europe,Storage,89,1327,370,899,14764,4059
2023-01-31,North Europe,Container,61,1503,332,899,14764,4059
2023-01-31,Southeast Asia,VM,86,626,305,899,14764,4059
2023-01-31,Southeast Asia,Storage,98,1103,486,899,14764,4059
2023-01-31,Southeast Asia,Container,58,1513,250,899,14764,4059
2023-02-01,East US,VM,78,1985,495,916,17420,4516
2023-02-01,East US,Storage,90,1278,456,916,17420,4516
2023-02-01,East US,Container,95,1928,309,916,17420,4516
2023-02-01,West US,VM,85,1705,200,916,17420,4516
2023-02-01,West US,Storage,89,1160,336,916,17420,4516
2023-02-01,West US,Container,59,1959,316,916,17420,4516
2023-02-01,North Europe,VM,75,1436,490,916,17420,4516
2023-02-01,North Europe,Storage,74,574,493,916,17420,4516
2023-02-01,North Europe,Container,51,1733,216,916,17420,4516
2023-02-01,Southeast Asia,VM,92,1454,450,916,17420,4516
2023-02-01,Southeast Asia,Storage,73,524,379,916,17420,4516
2023-02-01,Southeast Asia,Container,55,1684,376,916,17420,4516
2023-02-02,East US,VM,78,562,349,915,14801,3963
2023-02-02,East US,Storage,75,655,248,915,14801,3963
2023-02-02,East US,Container,56,1348,283,915,14801,3963
2023-02-02,West US,VM,90,1188,347,915,14801,3963
2023-02-02,West US,Storage,71,975,262,915,14801,3963
2023-02-02,West US,Container,89,1060,456,915,14801,3963
2023-02-02,North Europe,VM,81,1664,414,915,14801,3963
2023-02-02,North Europe,Storage,68,1841,231,915,14801,3963
2023-02-02,North Europe,Container,79,784,485,915,14801,3963
2023-02-02,Southeast Asia,VM,65,1947,218,915,14801,3963
2023-02-02,Southeast Asia,Storage,67,1268,277,915,14801,3963
2023-02-02,Southeast Asia,Container,96,1509,393,915,14801,3963
2023-02-03,East US,VM,77,1636,313,850,15714,4220
2023-02-03,East US,Storage,79,1446,331,850,15714,4220
2023-02-03,East US,Container,50,1787,254,850,15714,4220
2023-02-03,West US,VM,88,1299,465,850,15714,4220
2023-02-03,West US,Storage,59,661,286,850,15714,4220
2023-02-03,West US,Container,77,1701,207,850,15714,4220
2023-02-03,North Europe,VM,50,812,446,850,15714,4220
2023-02-03,North Europe,Storage,52,942,454,850,15714,4220
2023-02-03,North Europe,Container,57,1577,448,850,15714,4220
2023-02-03,Southeast Asia,VM,96,1752,266,850,15714,4220
2023-02-03,Southeast Asia,Storage,82,1506,463,850,15714,4220
2023-02-03,Southeast Asia,Container,83,595,287,850,15714,4220
2023-02-04,East US,VM,63,1811,319,878,15378,4256
2023-02-04,East US,Storage,95,990,364,878,15378,4256
2023-02-04,East US,Container,70,1409,422,878,15378,4256
2023-02-04,West US,VM,97,506,462,878,15378,4256
2023-02-04,West US,Storage,82,650,284,878,15378,4256
2023-02-04,West US,Container,68,1904,235,878,15378,4256
2023-02-04,North Europe,VM,78,1199,281,878,15378,4256
2023-02-04,North Europe,Storage,51,1314,396,878,15378,4256
2023-02-04,North Europe,Container,69,1245,394,878,15378,4256
2023-02-04,Southeast Asia,VM,72,1642,219,878,15378,4256
2023-02-04,Southeast Asia,Storage,54,1304,455,878,15378,4256
2023-02-04,Southeast Asia,Container,79,1404,425,878,15378,4256
2023-02-05,East US,VM,93,1353,479,918,13234,4261
2023-02-05,East US,Storage,66,1213,357,918,13234,4261
2023-02-05,East US,Container,95,627,423,918,13234,4261
2023-02-05,West US,VM,66,1638,408,918,13234,4261
2023-02-05,West US,Storage,63,1020,239,918,13234,4261
2023-02-05,West US,Container,51,736,480,918,13234,4261
2023-02-05,North Europe,VM,88,1724,445,918,13234,4261
2023-02-05,North Europe,Storage,71,1758,203,918,13234,4261
2023-02-05,North Europe,Container,75,941,228,918,13234,4261
2023-02-05,Southeast Asia,VM,94,1109,414,918,13234,4261
2023-02-05,Southeast Asia,Storage,86,574,345,918,13234,4261
2023-02-05,Southeast Asia,Container,70,541,240,918,13234,4261
2023-02-06,East US,VM,87,533,216,1019,12412,4559
2023-02-06,East US,Storage,86,1676,275,1019,12412,4559
2023-02-06,East US,Container,72,841,226,1019,12412,4559
2023-02-06,West US,VM,80,1145,418,1019,12412,4559
2023-02-06,West US,Storage,89,1109,467,1019,12412,4559
2023-02-06,West US,Container,94,1320,372,1019,12412,4559
2023-02-06,North Europe,VM,66,1421,389,1019,12412,4559
2023-02-06,North Europe,Storage,95,629,392,1019,12412,4559
2023-02-06,North Europe,Container,85,1894,481,1019,12412,4559
2023-02-06,Southeast Asia,VM,78,648,466,1019,12412,4559
2023-02-06,Southeast Asia,Storage,89,510,363,1019,12412,4559
2023-02-06,Southeast Asia,Container,98,686,494,1019,12412,4559
2023-02-07,East US,VM,89,1750,297,948,13871,4152
2023-02-07,East US,Storage,96,1163,445,948,13871,4152
2023-02-07,East US,Container,71,568,488,948,13871,4152
2023-02-07,West US,VM,85,1250,347,948,13871,4152
2023-02-07,West US,Storage,68,1767,400,948,13871,4152
2023-02-07,West US,Container,75,1973,272,948,13871,4152
2023-02-07,North Europe,VM,58,795,216,948,13871,4152
2023-02-07,North Europe,Storage,50,1740,260,948,13871,4152
2023-02-07,North Europe,Container,92,541,224,948,13871,4152
2023-02-07,Southeast Asia,VM,88,630,428,948,13871,4152
2023-02-07,Southeast Asia,Storage,93,671,301,948,13871,4152
2023-02-07,Southeast Asia,Container,83,1023,474,948,13871,4152
2023-02-08,East US,VM,86,1567,216,831,13002,4234
2023-02-08,East US,Storage,59,511,279,831,13002,4234
2023-02-08,East US,Container,73,838,463,831,13002,4234
2023-02-08,West US,VM,80,1160,280,831,13002,4234
2023-02-08,West US,Storage,72,873,397,831,13002,4234
2023-02-08,West US,Container,57,965,288,831,13002,4234
2023-02-08,North Europe,VM,61,988,225,831,13002,4234
2023-02-08,North Europe,Storage,96,1811,465,831,13002,4234
2023-02-08,North Europe,Container,65,1210,481,831,13002,4234
2023-02-08,Southeast Asia,VM,70,1609,449,831,13002,4234
2023-02-08,Southeast Asia,Storage,56,834,316,831,13002,4234
2023-02-08,Southeast Asia,Container,56,636,375,831,13002,4234
2023-02-09,East US,VM,57,1326,414,891,14071,4171
2023-02-09,East US,Storage,78,1093,422,891,14071,4171
2023-02-09,East US,Container,79,871,302,891,14071,4171
2023-02-09,West US,VM,66,1682,351,891,14071,4171
2023-02-09,West US,Storage,84,1119,387,891,14071,4171
2023-02-09,West US,Container,94,1621,330,891,14071,4171
2023-02-09,North Europe,VM,86,1694,382,891,14071,4171
2023-02-09,North Europe,Storage,72,863,238,891,14071,4171
2023-02-09,North Europe,Container,64,996,203,891,14071,4171
2023-02-09,Southeast Asia,VM,78,1481,409,891,14071,4171
2023-02-09,Southeast Asia,Storage,82,515,307,891,14071,4171
2023-02-09,Southeast Asia,Container,51,810,426,891,14071,4171
2023-02-10,East US,VM,91,1045,450,1022,13525,4609
2023-02-10,East US,Storage,62,1664,473,1022,13525,4609
2023-02-10,East US,Container,81,1562,228,1022,13525,4609
2023-02-10,West US,VM,98,976,444,1022,13525,4609
2023-02-10,West US,Storage,93,1196,471,1022,13525,4609
2023-02-10,West US,Container,93,1762,465,1022,13525,4609
2023-02-10,North Europe,VM,79,1420,264,1022,13525,4609
2023-02-10,North Europe,Storage,79,502,341,1022,13525,4609
2023-02-10,North Europe,Container,79,823,345,1022,13525,4609
2023-02-10,Southeast Asia,VM,86,931,392,1022,13525,4609
2023-02-10,Southeast Asia,Storage,95,1084,339,1022,13525,4609
2023-02-10,Southeast Asia,Container,86,560,397,1022,13525,4609
2023-02-11,East US,VM,88,1963,210,899,14812,4259
2023-02-11,East US,Storage,62,725,352,899,14812,4259
2023-02-11,East US,Container,56,1063,459,899,14812,4259
2023-02-11,West US,VM,57,1833,442,899,14812,4259
2023-02-11,West US,Storage,94,1889,306,899,14812,4259
2023-02-11,West US,Container,83,1324,417,899,14812,4259
2023-02-11,North Europe,VM,90,1252,458,899,14812,4259
2023-02-11,North Europe,Storage,55,553,246,899,14812,4259
2023-02-11,North Europe,Container,72,1188,208,899,14812,4259
2023-02-11,Southeast Asia,VM,84,1543,440,899,14812,4259
2023-02-11,Southeast Asia,Storage,91,918,377,899,14812,4259
2023-02-11,Southeast Asia,Container,67,561,344,899,14812,4259
2023-02-12,East US,VM,73,502,359,837,16403,3694
2023-02-12,East US,Storage,84,1280,319,837,16403,3694
2023-02-12,East US,Container,96,1612,267,837,16403,3694
2023-02-12,West US,VM,63,1880,297,837,16403,3694
2023-02-12,West US,Storage,60,1451,322,837,16403,3694
2023-02-12,West US,Container,77,1718,425,837,16403,3694
2023-02-12,North Europe,VM,61,669,208,837,16403,3694
2023-02-12,North Europe,Storage,64,539,224,837,16403,3694
2023-02-12,North Europe,Container,54,1918,425,837,16403,3694
2023-02-12,Southeast Asia,VM,73,1647,237,837,16403,3694
2023-02-12,Southeast Asia,Storage,57,1774,375,837,16403,3694
2023-02-12,Southeast Asia,Container,75,1413,236,837,16403,3694
2023-02-13,East US,VM,97,1472,483,909,15544,4351
2023-02-13,East US,Storage,54,1472,280,909,15544,4351
2023-02-13,East US,Container,99,1563,423,909,15544,4351
2023-02-13,West US,VM,78,614,385,909,15544,4351
2023-02-13,West US,Storage,52,1563,239,909,15544,4351
2023-02-13,West US,Container,76,1812,461,909,15544,4351
2023-02-13,North Europe,VM,73,1670,367,909,15544,4351
2023-02-13,North Europe,Storage,77,852,258,909,15544,4351
2023-02-13,North Europe,Container,97,1280,244,909,15544,4351
2023-02-13,Southeast Asia,VM,74,1693,390,909,15544,4351
2023-02-13,Southeast Asia,Storage,76,921,387,909,15544,4351
2023-02-13,Southeast Asia,Container,56,632,434,909,15544,4351
2023-02-14,East US,VM,94,1325,448,1000,16770,4028
2023-02-14,East US,Storage,80,1034,359,1000,16770,4028
2023-02-14,East US,Container,92,1960,357,1000,16770,4028
2023-02-14,West US,VM,88,581,457,1000,16770,4028
2023-02-14,West US,Storage,63,1088,211,1000,16770,4028
2023-02-14,West US,Container,88,1747,212,1000,16770,4028
2023-02-14,North Europe,VM,95,1636,432,1000,16770,4028
2023-02-14,North Europe,Storage,66,859,422,1000,16770,4028
2023-02-14,North Europe,Container,83,1199,362,1000,16770,4028
2023-02-14,Southeast Asia,VM,97,1849,273,1000,16770,4028
2023-02-14,Southeast Asia,Storage,90,1747,259,1000,16770,4028
2023-02-14,Southeast Asia,Container,64,1745,236,1000,16770,4028
2023-02-15,East US,VM,78,777,395,874,13454,4479
2023-02-15,East US,Storage,69,983,441,874,13454,4479
2023-02-15,East US,Container,53,1230,391,874,13454,4479
2023-02-15,West US,VM,66,1023,392,874,13454,4479
2023-02-15,West US,Storage,71,973,319,874,13454,4479
2023-02-15,West US,Container,67,805,469,874,13454,4479
2023-02-15,North Europe,VM,96,784,403,874,13454,4479
2023-02-15,North Europe,Storage,85,1262,426,874,13454,4479
2023-02-15,North Europe,Container,61,1530,228,874,13454,4479
2023-02-15,Southeast Asia,VM,60,1556,333,874,13454,4479
2023-02-15,Southeast Asia,Storage,96,578,257,874,13454,4479
2023-02-15,Southeast Asia,Container,72,1953,425,874,13454,4479
2023-02-16,East US,VM,78,1015,298,896,16420,4279
2023-02-16,East US,Storage,62,538,470,896,16420,4279
2023-02-16,East US,Container,78,656,274,896,16420,4279
2023-02-16,West US,VM,81,1653,374,896,16420,4279
2023-02-16,West US,Storage,63,1607,221,896,16420,4279
2023-02-16,West US,Container,60,1348,435,896,16420,4279
2023-02-16,North Europe,VM,77,1488,220,896,16420,4279
2023-02-16,North Europe,Storage,96,1368,283,896,16420,4279
2023-02-16,North Europe,Container,55,1976,456,896,16420,4279
2023-02-16,Southeast Asia,VM,87,1685,362,896,16420,4279
2023-02-16,Southeast Asia,Storage,98,1292,479,896,16420,4279
2023-02-16,Southeast Asia,Container,61,1794,407,896,16420,4279
2023-02-17,East US,VM,76,1583,344,884,15731,4371
2023-02-17,East US,Storage,78,1832,207,884,15731,4371
2023-02-17,East US,Container,64,1550,373,884,15731,4371
2023-02-17,West US,VM,99,698,380,884,15731,4371
2023-02-17,West US,Storage,73,877,245,884,15731,4371
2023-02-17,West US,Container,64,1676,421,884,15731,4371
2023-02-17,North Europe,VM,63,954,472,884,15731,4371
2023-02-17,North Europe,Storage,93,1020,365,884,15731,4371
2023-02-17,North Europe,Container,97,1516,413,884,15731,4371
2023-02-17,Southeast Asia,VM,51,1867,271,884,15731,4371
2023-02-17,Southeast Asia,Storage,60,1587,404,884,15731,4371
2023-02-17,Southeast Asia,Container,66,571,476,884,15731,4371
2023-02-18,East US,VM,67,1843,294,897,14137,4058
2023-02-18,East US,Storage,87,510,416,897,14137,4058
2023-02-18,East US,Container,82,601,466,897,14137,4058
2023-02-18,West US,VM,71,1611,240,897,14137,4058
2023-02-18,West US,Storage,66,1087,245,897,14137,4058
2023-02-18,West US,Container,81,1986,279,897,14137,4058
2023-02-18,North Europe,VM,71,591,347,897,14137,4058
2023-02-18,North Europe,Storage,82,1213,441,897,14137,4058
2023-02-18,North Europe,Container,82,501,424,897,14137,4058
2023-02-18,Southeast Asia,VM,82,1088,315,897,14137,4058
2023-02-18,Southeast Asia,Storage,75,1417,302,897,14137,4058
2023-02-18,Southeast Asia,Container,51,1689,289,897,14137,4058
2023-02-19,East US,VM,95,621,342,863,15023,3693
2023-02-19,East US,Storage,83,605,322,863,15023,3693
2023-02-19,East US,Container,55,508,461,863,15023,3693
2023-02-19,West US,VM,58,1882,422,863,15023,3693
2023-02-19,West US,Storage,81,1052,403,863,15023,3693
2023-02-19,West US,Container,57,1841,283,863,15023,3693
2023-02-19,North Europe,VM,96,750,206,863,15023,3693
2023-02-19,North Europe,Storage,60,1607,407,863,15023,3693
2023-02-19,North Europe,Container,53,1913,221,863,15023,3693
2023-02-19,Southeast Asia,VM,75,1394,202,863,15023,3693
2023-02-19,Southeast Asia,Storage,90,1373,213,863,15023,3693
2023-02-19,Southeast Asia,Container,60,1477,211,863,15023,3693
2023-02-20,East US,VM,72,1408,224,859,14477,3997
2023-02-20,East US,Storage,94,1766,321,859,14477,3997
2023-02-20,East US,Container,68,1249,372,859,14477,3997
2023-02-20,West US,VM,57,808,382,859,14477,3997
2023-02-20,West US,Storage,81,806,499,859,14477,3997
2023-02-20,West US,Container,67,1413,410,859,14477,3997
2023-02-20,North Europe,VM,71,1048,258,859,14477,3997
2023-02-20,North Europe,Storage,52,1423,401,859,14477,3997
2023-02-20,North Europe,Container,84,944,292,859,14477,3997
2023-02-20,Southeast Asia,VM,64,852,412,859,14477,3997
2023-02-20,Southeast Asia,Storage,80,1456,223,859,14477,3997
2023-02-20,Southeast Asia,Container,69,1304,203,859,14477,3997
2023-02-21,East US,VM,77,1887,219,938,14851,3888
2023-02-21,East US,Storage,73,1446,295,938,14851,3888
2023-02-21,East US,Container,90,919,449,938,14851,3888
2023-02-21,West US,VM,83,1077,461,938,14851,3888
2023-02-21,West US,Storage,88,1254,385,938,14851,3888
2023-02-21,West US,Container,61,1760,217,938,14851,3888
2023-02-21,North Europe,VM,89,520,424,938,14851,3888
2023-02-21,North Europe,Storage,84,1293,207,938,14851,3888
2023-02-21,North Europe,Container,85,1251,286,938,14851,3888
2023-02-21,Southeast Asia,VM,91,1439,213,938,14851,3888
2023-02-21,Southeast Asia,Storage,63,501,492,938,14851,3888
2023-02-21,Southeast Asia,Container,54,1504,240,938,14851,3888
2023-02-22,East US,VM,96,513,430,888,16338,4482
2023-02-22,East US,Storage,74,1607,329,888,16338,4482
2023-02-22,East US,Container,88,1337,344,888,16338,4482
2023-02-22,West US,VM,74,527,265,888,16338,4482
2023-02-22,West US,Storage,84,1752,460,888,16338,4482
2023-02-22,West US,Container,50,1947,363,888,16338,4482
2023-02-22,North Europe,VM,94,1418,486,888,16338,4482
2023-02-22,North Europe,Storage,60,1533,394,888,16338,4482
2023-02-22,North Europe,Container,63,1091,292,888,16338,4482
2023-02-22,Southeast Asia,VM,59,1343,456,888,16338,4482
2023-02-22,Southeast Asia,Storage,54,1799,463,888,16338,4482
2023-02-22,Southeast Asia,Container,92,1471,200,888,16338,4482
2023-02-23,East US,VM,69,1807,320,813,13016,4734
2023-02-23,East US,Storage,92,1186,403,813,13016,4734
2023-02-23,East US,Container,86,804,319,813,13016,4734
2023-02-23,West US,VM,93,655,406,813,13016,4734
2023-02-23,West US,Storage,55,1119,450,813,13016,4734
2023-02-23,West US,Container,69,833,329,813,13016,4734
2023-02-23,North Europe,VM,58,1010,492,813,13016,4734
2023-02-23,North Europe,Storage,69,781,484,813,13016,4734
2023-02-23,North Europe,Container,50,618,234,813,13016,4734
2023-02-23,Southeast Asia,VM,55,984,444,813,13016,4734
2023-02-23,Southeast Asia,Storage,54,1684,378,813,13016,4734
2023-02-23,Southeast Asia,Container,63,1535,475,813,13016,4734
2023-02-24,East US,VM,99,1739,450,973,15446,4269
2023-02-24,East US,Storage,92,625,416,973,15446,4269
2023-02-24,East US,Container,99,1708,238,973,15446,4269
2023-02-24,West US,VM,80,1707,377,973,15446,4269
2023-02-24,West US,Storage,72,1951,493,973,15446,4269
2023-02-24,West US,Container,69,650,325,973,15446,4269
2023-02-24,North Europe,VM,94,807,433,973,15446,4269
2023-02-24,North Europe,Storage,57,1864,328,973,15446,4269
2023-02-24,North Europe,Container,57,1168,204,973,15446,4269
2023-02-24,Southeast Asia,VM,96,585,374,973,15446,4269
2023-02-24,Southeast Asia,Storage,83,1716,318,973,15446,4269
2023-02-24,Southeast Asia,Container,75,926,313,973,15446,4269
2023-02-25,East US,VM,67,1668,225,862,15509,4289
2023-02-25,East US,Storage,57,802,431,862,15509,4289
2023-02-25,East US,Container,98,1087,488,862,15509,4289
2023-02-25,West US,VM,50,1670,486,862,15509,4289
2023-02-25,West US,Storage,65,1576,268,862,15509,4289
2023-02-25,West US,Container,90,1743,391,862,15509,4289
2023-02-25,North Europe,VM,55,1074,272,862,15509,4289
2023-02-25,North Europe,Storage,82,1612,375,862,15509,4289
2023-02-25,North Europe,Container,62,1084,444,862,15509,4289
2023-02-25,Southeast Asia,VM,62,1682,297,862,15509,4289
2023-02-25,Southeast Asia,Storage,87,993,331,862,15509,4289
2023-02-25,Southeast Asia,Container,87,518,281,862,15509,4289
2023-02-26,East US,VM,62,1500,478,826,16376,4307
2023-02-26,East US,Storage,68,1888,328,826,16376,4307
2023-02-26,East US,Container,73,1321,288,826,16376,4307
2023-02-26,West US,VM,70,1588,275,826,16376,4307
2023-02-26,West US,Storage,56,642,292,826,16376,4307
2023-02-26,West US,Container,74,1940,423,826,16376,4307
2023-02-26,North Europe,VM,98,790,301,826,16376,4307
2023-02-26,North Europe,Storage,75,1790,309,826,16376,4307
2023-02-26,North Europe,Container,63,1341,464,826,16376,4307
2023-02-26,Southeast Asia,VM,52,584,481,826,16376,4307
2023-02-26,Southeast Asia,Storage,57,1315,316,826,16376,4307
2023-02-26,Southeast Asia,Container,78,1677,352,826,16376,4307
2023-02-27,East US,VM,61,1656,492,836,15104,4501
2023-02-27,East US,Storage,64,1823,427,836,15104,4501
2023-02-27,East US,Container,64,542,220,836,15104,4501
2023-02-27,West US,VM,72,1118,316,836,15104,4501
2023-02-27,West US,Storage,64,1292,491,836,15104,4501
2023-02-27,West US,Container,60,550,470,836,15104,4501
2023-02-27,North Europe,VM,53,1288,340,836,15104,4501
2023-02-27,North Europe,Storage,71,1286,489,836,15104,4501
2023-02-27,North Europe,Container,63,1463,251,836,15104,4501
2023-02-27,Southeast Asia,VM,95,1250,355,836,15104,4501
2023-02-27,Southeast Asia,Storage,84,1667,305,836,15104,4501
2023-02-27,Southeast Asia,Container,85,1169,345,836,15104,4501
2023-02-28,East US,VM,51,1088,331,867,16650,4556
2023-02-28,East US,Storage,75,1868,462,867,16650,4556
2023-02-28,East US,Container,80,1631,273,867,16650,4556
2023-02-28,West US,VM,88,1408,358,867,16650,4556
2023-02-28,West US,Storage,56,1458,440,867,16650,4556
2023-02-28,West US,Container,91,944,497,867,16650,4556
2023-02-28,North Europe,VM,85,1607,462,867,16650,4556
2023-02-28,North Europe,Storage,50,1695,372,867,16650,4556
2023-02-28,North Europe,Container,91,1058,340,867,16650,4556
2023-02-28,Southeast Asia,VM,71,1641,476,867,16650,4556
2023-02-28,Southeast Asia,Storage,71,1743,225,867,16650,4556
2023-02-28,Southeast Asia,Container,58,509,320,867,16650,4556
2023-03-01,East US,VM,91,1083,351,893,16091,4213
2023-03-01,East US,Storage,65,1572,353,893,16091,4213
2023-03-01,East US,Container,76,1816,267,893,16091,4213
2023-03-01,West US,VM,99,1163,218,893,16091,4213
2023-03-01,West US,Storage,85,1583,366,893,16091,4213
2023-03-01,West US,Container,59,1356,345,893,16091,4213
2023-03-01,North Europe,VM,68,1492,441,893,16091,4213
2023-03-01,North Europe,Storage,54,1186,248,893,16091,4213
2023-03-01,North Europe,Container,84,1631,425,893,16091,4213
2023-03-01,Southeast Asia,VM,82,1130,348,893,16091,4213
2023-03-01,Southeast Asia,Storage,66,1161,492,893,16091,4213
2023-03-01,Southeast Asia,Container,64,918,359,893,16091,4213
2023-03-02,East US,VM,60,1149,277,905,14391,4347
2023-03-02,East US,Storage,62,1008,453,905,14391,4347
2023-03-02,East US,Container,74,1269,490,905,14391,4347
2023-03-02,West US,VM,56,1897,324,905,14391,4347
2023-03-02,West US,Storage,88,958,479,905,14391,4347
2023-03-02,West US,Container,95,1741,301,905,14391,4347
2023-03-02,North Europe,VM,91,787,366,905,14391,4347
2023-03-02,North Europe,Storage,94,1505,235,905,14391,4347
2023-03-02,North Europe,Container,89,852,363,905,14391,4347
2023-03-02,Southeast Asia,VM,52,572,335,905,14391,4347
2023-03-02,Southeast Asia,Storage,82,1593,395,905,14391,4347
2023-03-02,Southeast Asia,Container,62,1060,329,905,14391,4347
2023-03-03,East US,VM,54,927,226,910,14512,5042
2023-03-03,East US,Storage,81,648,463,910,14512,5042
2023-03-03,East US,Container,87,566,499,910,14512,5042
2023-03-03,West US,VM,52,841,329,910,14512,5042
2023-03-03,West US,Storage,72,1695,457,910,14512,5042
2023-03-03,West US,Container,87,1732,490,910,14512,5042
2023-03-03,North Europe,VM,83,1994,485,910,14512,5042
2023-03-03,North Europe,Storage,57,1161,499,910,14512,5042
2023-03-03,North Europe,Container,85,952,486,910,14512,5042
2023-03-03,Southeast Asia,VM,96,1516,407,910,14512,5042
2023-03-03,Southeast Asia,Storage,91,945,357,910,14512,5042
2023-03-03,Southeast Asia,Container,65,1535,344,910,14512,5042
2023-03-04,East US,VM,65,1479,202,887,13914,4279
2023-03-04,East US,Storage,65,736,478,887,13914,4279
2023-03-04,East US,Container,77,1126,303,887,13914,4279
2023-03-04,West US,VM,54,1771,320,887,13914,4279
2023-03-04,West US,Storage,79,648,283,887,13914,4279
2023-03-04,West US,Container,55,905,430,887,13914,4279
2023-03-04,North Europe,VM,81,1684,471,887,13914,4279
2023-03-04,North Europe,Storage,61,1237,341,887,13914,4279
2023-03-04,North Europe,Container,85,980,350,887,13914,4279
2023-03-04,Southeast Asia,VM,99,1248,265,887,13914,4279
2023-03-04,Southeast Asia,Storage,90,840,457,887,13914,4279
2023-03-04,Southeast Asia,Container,76,1260,379,887,13914,4279
2023-03-05,East US,VM,72,1719,461,883,15614,4328
2023-03-05,East US,Storage,84,905,342,883,15614,4328
2023-03-05,East US,Container,71,1839,300,883,15614,4328
2023-03-05,West US,VM,91,511,438,883,15614,4328
2023-03-05,West US,Storage,98,541,365,883,15614,4328
2023-03-05,West US,Container,67,1952,490,883,15614,4328
2023-03-05,North Europe,VM,79,1739,357,883,15614,4328
2023-03-05,North Europe,Storage,63,633,266,883,15614,4328
2023-03-05,North Europe,Container,65,1530,213,883,15614,4328
2023-03-05,Southeast Asia,VM,58,898,362,883,15614,4328
2023-03-05,Southeast Asia,Storage,51,1358,329,883,15614,4328
2023-03-05,Southeast Asia,Container,84,1989,405,883,15614,4328
2023-03-06,East US,VM,69,765,224,811,13390,3701
2023-03-06,East US,Storage,51,1292,452,811,13390,3701
2023-03-06,East US,Container,82,663,294,811,13390,3701
2023-03-06,West US,VM,63,1332,309,811,13390,3701
2023-03-06,West US,Storage,65,1321,437,811,13390,3701
2023-03-06,West US,Container,52,982,224,811,13390,3701
2023-03-06,North Europe,VM,62,1640,224,811,13390,3701
2023-03-06,North Europe,Storage,64,1696,211,811,13390,3701
2023-03-06,North Europe,Container,81,627,295,811,13390,3701
2023-03-06,Southeast Asia,VM,77,1042,219,811,13390,3701
2023-03-06,Southeast Asia,Storage,67,1488,359,811,13390,3701
2023-03-06,Southeast Asia,Container,78,542,453,811,13390,3701
2023-03-07,East US,VM,51,1583,350,861,16966,4446
2023-03-07,East US,Storage,68,786,204,861,16966,4446
2023-03-07,East US,Container,68,1277,329,861,16966,4446
2023-03-07,West US,VM,60,1189,452,861,16966,4446
2023-03-07,West US,Storage,80,1579,282,861,16966,4446
2023-03-07,West US,Container,58,1622,348,861,16966,4446
2023-03-07,North Europe,VM,58,1679,389,861,16966,4446
2023-03-07,North Europe,Storage,95,1382,462,861,16966,4446
2023-03-07,North Europe,Container,65,899,451,861,16966,4446
2023-03-07,Southeast Asia,VM,82,1783,459,861,16966,4446
2023-03-07,Southeast Asia,Storage,88,1284,300,861,16966,4446
2023-03-07,Southeast Asia,Container,88,1903,420,861,16966,4446
2023-03-08,East US,VM,85,623,430,919,13899,4257
2023-03-08,East US,Storage,99,1586,315,919,13899,4257
2023-03-08,East US,Container,84,1018,354,919,13899,4257
2023-03-08,West US,VM,77,1481,213,919,13899,4257
2023-03-08,West US,Storage,56,1097,332,919,13899,4257
2023-03-08,West US,Container,51,904,445,919,13899,4257
2023-03-08,North Europe,VM,87,1160,337,919,13899,4257
2023-03-08,North Europe,Storage,72,1946,264,919,13899,4257
2023-03-08,North Europe,Container,62,712,441,919,13899,4257
2023-03-08,Southeast Asia,VM,94,1736,380,919,13899,4257
2023-03-08,Southeast Asia,Storage,67,672,359,919,13899,4257
2023-03-08,Southeast Asia,Container,85,964,387,919,13899,4257
2023-03-09,East US,VM,60,1202,455,898,13840,4202
2023-03-09,East US,Storage,75,1009,395,898,13840,4202
2023-03-09,East US,Container,83,1123,451,898,13840,4202
2023-03-09,West US,VM,67,1243,426,898,13840,4202
2023-03-09,West US,Storage,90,1959,241,898,13840,4202
2023-03-09,West US,Container,70,1053,312,898,13840,4202
2023-03-09,North Europe,VM,90,691,216,898,13840,4202
2023-03-09,North Europe,Storage,58,924,328,898,13840,4202
2023-03-09,North Europe,Container,51,1071,247,898,13840,4202
2023-03-09,Southeast Asia,VM,78,1620,209,898,13840,4202
2023-03-09,Southeast Asia,Storage,99,731,476,898,13840,4202
2023-03-09,Southeast Asia,Container,77,1214,446,898,13840,4202
2023-03-10,East US,VM,83,1275,413,856,12876,4272
2023-03-10,East US,Storage,57,1444,278,856,12876,4272
2023-03-10,East US,Container,66,1455,372,856,12876,4272
2023-03-10,West US,VM,68,1080,286,856,12876,4272
2023-03-10,West US,Storage,86,1531,399,856,12876,4272
2023-03-10,West US,Container,72,542,308,856,12876,4272
2023-03-10,North Europe,VM,73,1163,216,856,12876,4272
2023-03-10,North Europe,Storage,54,647,476,856,12876,4272
2023-03-10,North Europe,Container,89,865,427,856,12876,4272
2023-03-10,Southeast Asia,VM,60,935,410,856,12876,4272
2023-03-10,Southeast Asia,Storage,56,998,227,856,12876,4272
2023-03-10,Southeast Asia,Container,92,941,460,856,12876,4272
2023-03-11,East US,VM,54,849,207,891,14693,4497
2023-03-11,East US,Storage,59,1491,419,891,14693,4497
2023-03-11,East US,Container,66,1746,335,891,14693,4497
2023-03-11,West US,VM,89,1420,248,891,14693,4497
2023-03-11,West US,Storage,85,1905,277,891,14693,4497
2023-03-11,West US,Container,90,668,416,891,14693,4497
2023-03-11,North Europe,VM,99,648,363,891,14693,4497
2023-03-11,North Europe,Storage,61,1269,468,891,14693,4497
2023-03-11,North Europe,Container,81,850,487,891,14693,4497
2023-03-11,Southeast Asia,VM,81,1391,425,891,14693,4497
2023-03-11,Southeast Asia,Storage,60,1021,470,891,14693,4497
2023-03-11,Southeast Asia,Container,66,1435,382,891,14693,4497
2023-03-12,East US,VM,58,987,323,917,15403,4540
2023-03-12,East US,Storage,74,1289,412,917,15403,4540
2023-03-12,East US,Container,93,1811,373,917,15403,4540
2023-03-12,West US,VM,98,1387,321,917,15403,4540
2023-03-12,West US,Storage,81,1745,318,917,15403,4540
2023-03-12,West US,Container,88,996,467,917,15403,4540
2023-03-12,North Europe,VM,90,1442,217,917,15403,4540
2023-03-12,North Europe,Storage,70,1920,348,917,15403,4540
2023-03-12,North Europe,Container,57,801,437,917,15403,4540
2023-03-12,Southeast Asia,VM,56,1162,435,917,15403,4540
2023-03-12,Southeast Asia,Storage,81,702,455,917,15403,4540
2023-03-12,Southeast Asia,Container,71,1161,434,917,15403,4540
2023-03-13,East US,VM,74,1033,484,970,13895,4624
2023-03-13,East US,Storage,62,1989,457,970,13895,4624
2023-03-13,East US,Container,78,712,482,970,13895,4624
2023-03-13,West US,VM,99,1986,287,970,13895,4624
2023-03-13,West US,Storage,93,960,477,970,13895,4624
2023-03-13,West US,Container,92,920,388,970,13895,4624
2023-03-13,North Europe,VM,82,1195,202,970,13895,4624
2023-03-13,North Europe,Storage,68,522,229,970,13895,4624
2023-03-13,North Europe,Container,88,607,480,970,13895,4624
2023-03-13,Southeast Asia,VM,86,1634,335,970,13895,4624
2023-03-13,Southeast Asia,Storage,91,1709,343,970,13895,4624
2023-03-13,Southeast Asia,Container,57,628,460,970,13895,4624
2023-03-14,East US,VM,52,948,303,846,15339,3374
2023-03-14,East US,Storage,84,1747,209,846,15339,3374
2023-03-14,East US,Container,70,801,430,846,15339,3374
2023-03-14,West US,VM,76,1422,265,846,15339,3374
2023-03-14,West US,Storage,90,611,212,846,15339,3374
2023-03-14,West US,Container,58,999,285,846,15339,3374
2023-03-14,North Europe,VM,91,1101,253,846,15339,3374
2023-03-14,North Europe,Storage,61,708,213,846,15339,3374
2023-03-14,North Europe,Container,83,1960,219,846,15339,3374
2023-03-14,Southeast Asia,VM,60,1514,269,846,15339,3374
2023-03-14,Southeast Asia,Storage,68,1624,385,846,15339,3374
2023-03-14,Southeast Asia,Container,53,1904,331,846,15339,3374
2023-03-15,East US,VM,69,1035,426,860,15632,4569
2023-03-15,East US,Storage,75,1992,401,860,15632,4569
2023-03-15,East US,Container,87,1441,459,860,15632,4569
2023-03-15,West US,VM,94,1543,472,860,15632,4569
2023-03-15,West US,Storage,56,1015,420,860,15632,4569
2023-03-15,West US,Container,63,835,385,860,15632,4569
2023-03-15,North Europe,VM,53,1265,223,860,15632,4569
2023-03-15,North Europe,Storage,83,1093,358,860,15632,4569
2023-03-15,North Europe,Container,68,1842,410,860,15632,4569
2023-03-15,Southeast Asia,VM,71,1163,308,860,15632,4569
2023-03-15,Southeast Asia,Storage,61,1041,316,860,15632,4569
2023-03-15,Southeast Asia,Container,80,1367,391,860,15632,4569
2023-03-16,East US,VM,68,931,372,968,13057,4429
2023-03-16,East US,Storage,85,1873,382,968,13057,4429
2023-03-16,East US,Container,98,1706,345,968,13057,4429
2023-03-16,West US,VM,98,1262,450,968,13057,4429
2023-03-16,West US,Storage,96,1470,317,968,13057,4429
2023-03-16,West US,Container,94,660,397,968,13057,4429
2023-03-16,North Europe,VM,53,1159,439,968,13057,4429
2023-03-16,North Europe,Storage,96,898,397,968,13057,4429
2023-03-16,North Europe,Container,96,577,323,968,13057,4429
2023-03-16,Southeast Asia,VM,60,636,289,968,13057,4429
2023-03-16,Southeast Asia,Storage,65,1336,260,968,13057,4429
2023-03-16,Southeast Asia,Container,59,549,458,968,13057,4429
2023-03-17,East US,VM,62,753,317,917,16851,3566
2023-03-17,East US,Storage,94,1209,250,917,16851,3566
2023-03-17,East US,Container,68,1949,234,917,16851,3566
2023-03-17,West US,VM,95,1421,268,917,16851,3566
2023-03-17,West US,Storage,78,548,273,917,16851,3566
2023-03-17,West US,Container,54,855,269,917,16851,3566
2023-03-17,North Europe,VM,75,1783,325,917,16851,3566
2023-03-17,North Europe,Storage,88,1818,328,917,16851,3566
2023-03-17,North Europe,Container,73,1836,299,917,16851,3566
2023-03-17,Southeast Asia,VM,55,1308,381,917,16851,3566
2023-03-17,Southeast Asia,Storage,95,1887,387,917,16851,3566
2023-03-17,Southeast Asia,Container,80,1484,235,917,16851,3566
2023-03-18,East US,VM,70,1425,305,890,14882,4149
2023-03-18,East US,Storage,79,1865,419,890,14882,4149
2023-03-18,East US,Container,56,662,419,890,14882,4149
2023-03-18,West US,VM,63,1131,381,890,14882,4149
2023-03-18,West US,Storage,80,704,269,890,14882,4149
2023-03-18,West US,Container,93,1340,427,890,14882,4149
2023-03-18,North Europe,VM,92,1095,449,890,14882,4149
2023-03-18,North Europe,Storage,92,1964,220,890,14882,4149
2023-03-18,North Europe,Container,53,1189,206,890,14882,4149
2023-03-18,Southeast Asia,VM,55,1138,359,890,14882,4149
2023-03-18,Southeast Asia,Storage,60,1671,342,890,14882,4149
2023-03-18,Southeast Asia,Container,97,698,353,890,14882,4149
2023-03-19,East US,VM,93,1395,341,969,13596,3563
2023-03-19,East US,Storage,86,813,220,969,13596,3563
2023-03-19,East US,Container,67,1654,286,969,13596,3563
2023-03-19,West US,VM,75,1483,360,969,13596,3563
2023-03-19,West US,Storage,99,1128,395,969,13596,3563
2023-03-19,West US,Container,91,1516,285,969,13596,3563
2023-03-19,North Europe,VM,82,1092,351,969,13596,3563
2023-03-19,North Europe,Storage,83,527,242,969,13596,3563
2023-03-19,North Europe,Container,90,922,285,969,13596,3563
2023-03-19,Southeast Asia,VM,98,1028,297,969,13596,3563
2023-03-19,Southeast Asia,Storage,55,697,297,969,13596,3563
2023-03-19,Southeast Asia,Container,50,1341,204,969,13596,3563
2023-03-20,East US,VM,51,521,311,845,13285,3830
2023-03-20,East US,Storage,51,1341,297,845,13285,3830
2023-03-20,East US,Container,65,934,324,845,13285,3830
2023-03-20,West US,VM,88,1609,275,845,13285,3830
2023-03-20,West US,Storage,73,1817,258,845,13285,3830
2023-03-20,West US,Container,59,1110,391,845,13285,3830
2023-03-20,North Europe,VM,98,1459,231,845,13285,3830
2023-03-20,North Europe,Storage,56,776,219,845,13285,3830
2023-03-20,North Europe,Container,75,882,267,845,13285,3830
2023-03-20,Southeast Asia,VM,95,1383,413,845,13285,3830
2023-03-20,Southeast Asia,Storage,64,875,431,845,13285,3830
2023-03-20,Southeast Asia,Container,70,578,413,845,13285,3830
2023-03-21,East US,VM,77,1281,367,865,13729,4418
2023-03-21,East US,Storage,77,1549,265,865,13729,4418
2023-03-21,East US,Container,74,1777,243,865,13729,4418
2023-03-21,West US,VM,82,1511,426,865,13729,4418
2023-03-21,West US,Storage,55,1178,478,865,13729,4418
2023-03-21,West US,Container,74,878,377,865,13729,4418
2023-03-21,North Europe,VM,92,1208,466,865,13729,4418
2023-03-21,North Europe,Storage,61,507,496,865,13729,4418
2023-03-21,North Europe,Container,85,984,284,865,13729,4418
2023-03-21,Southeast Asia,VM,57,1066,246,865,13729,4418
2023-03-21,Southeast Asia,Storage,64,737,303,865,13729,4418
2023-03-21,Southeast Asia,Container,67,1053,467,865,13729,4418
2023-03-22,East US,VM,51,1274,458,846,14459,4318
2023-03-22,East US,Storage,76,539,419,846,14459,4318
2023-03-22,East US,Container,50,1514,207,846,14459,4318
2023-03-22,West US,VM,86,1427,375,846,14459,4318
2023-03-22,West US,Storage,92,1112,459,846,14459,4318
2023-03-22,West US,Container,79,1465,445,846,14459,4318
2023-03-22,North Europe,VM,68,1043,336,846,14459,4318
2023-03-22,North Europe,Storage,61,1313,215,846,14459,4318
2023-03-22,North Europe,Container,50,1074,308,846,14459,4318
2023-03-22,Southeast Asia,VM,70,1169,468,846,14459,4318
2023-03-22,Southeast Asia,Storage,83,1783,301,846,14459,4318
2023-03-22,Southeast Asia,Container,80,746,327,846,14459,4318
2023-03-23,East US,VM,76,630,395,854,14237,4343
2023-03-23,East US,Storage,74,1429,353,854,14237,4343
2023-03-23,East US,Container,54,726,388,854,14237,4343
2023-03-23,West US,VM,77,764,333,854,14237,4343
2023-03-23,West US,Storage,68,1900,412,854,14237,4343
2023-03-23,West US,Container,73,1749,330,854,14237,4343
2023-03-23,North Europe,VM,61,975,485,854,14237,4343
2023-03-23,North Europe,Storage,75,1800,355,854,14237,4343
2023-03-23,North Europe,Container,75,689,362,854,14237,4343
2023-03-23,Southeast Asia,VM,83,540,274,854,14237,4343
2023-03-23,Southeast Asia,Storage,72,1699,349,854,14237,4343
2023-03-23,Southeast Asia,Container,66,1336,307,854,14237,4343
2023-03-24,East US,VM,60,1361,470,844,16187,4476
2023-03-24,East US,Storage,76,1430,488,844,16187,4476
2023-03-24,East US,Container,69,1392,471,844,16187,4476
2023-03-24,West US,VM,83,1589,447,844,16187,4476
2023-03-24,West US,Storage,77,1570,400,844,16187,4476
2023-03-24,West US,Container,69,623,200,844,16187,4476
2023-03-24,North Europe,VM,57,1354,327,844,16187,4476
2023-03-24,North Europe,Storage,52,1015,493,844,16187,4476
2023-03-24,North Europe,Container,64,1714,220,844,16187,4476
2023-03-24,Southeast Asia,VM,84,1836,316,844,16187,4476
2023-03-24,Southeast Asia,Storage,95,959,238,844,16187,4476
2023-03-24,Southeast Asia,Container,58,1344,406,844,16187,4476
2023-03-25,East US,VM,67,1638,424,834,15484,4428
2023-03-25,East US,Storage,55,1774,418,834,15484,4428
2023-03-25,East US,Container,72,1966,290,834,15484,4428
2023-03-25,West US,VM,83,1387,245,834,15484,4428
2023-03-25,West US,Storage,87,641,299,834,15484,4428
2023-03-25,West US,Container,57,1201,234,834,15484,4428
2023-03-25,North Europe,VM,68,1095,480,834,15484,4428
2023-03-25,North Europe,Storage,89,1355,469,834,15484,4428
2023-03-25,North Europe,Container,75,1113,414,834,15484,4428
2023-03-25,Southeast Asia,VM,71,582,309,834,15484,4428
2023-03-25,Southeast Asia,Storage,52,1949,474,834,15484,4428
2023-03-25,Southeast Asia,Container,58,783,372,834,15484,4428
2023-03-26,East US,VM,56,1586,272,887,15012,4647
2023-03-26,East US,Storage,68,1442,319,887,15012,4647
2023-03-26,East US,Container,87,1960,363,887,15012,4647
2023-03-26,West US,VM,89,964,485,887,15012,4647
2023-03-26,West US,Storage,58,819,360,887,15012,4647
2023-03-26,West US,Container,74,1726,426,887,15012,4647
2023-03-26,North Europe,VM,90,833,421,887,15012,4647
2023-03-26,North Europe,Storage,90,567,463,887,15012,4647
2023-03-26,North Europe,Container,51,1650,454,887,15012,4647
2023-03-26,Southeast Asia,VM,65,976,261,887,15012,4647
2023-03-26,Southeast Asia,Storage,98,931,357,887,15012,4647
2023-03-26,Southeast Asia,Container,61,1558,466,887,15012,4647
2023-03-27,East US,VM,95,1992,454,936,16713,3913
2023-03-27,East US,Storage,70,1848,475,936,16713,3913
2023-03-27,East US,Container,86,1512,400,936,16713,3913
2023-03-27,West US,VM,58,1847,234,936,16713,3913
2023-03-27,West US,Storage,66,981,415,936,16713,3913
2023-03-27,West US,Container,81,1588,207,936,16713,3913
2023-03-27,North Europe,VM,94,842,275,936,16713,3913
2023-03-27,North Europe,Storage,95,1058,214,936,16713,3913
2023-03-27,North Europe,Container,90,1158,225,936,16713,3913
2023-03-27,Southeast Asia,VM,78,905,431,936,16713,3913
2023-03-27,Southeast Asia,Storage,70,1004,356,936,16713,3913
2023-03-27,Southeast Asia,Container,53,1978,227,936,16713,3913
2023-03-28,East US,VM,53,1929,275,851,16554,4669
2023-03-28,East US,Storage,94,1078,393,851,16554,4669
2023-03-28,East US,Container,73,1685,456,851,16554,4669
2023-03-28,West US,VM,57,1610,461,851,16554,4669
2023-03-28,West US,Storage,71,1072,467,851,16554,4669
2023-03-28,West US,Container,55,1229,482,851,16554,4669
2023-03-28,North Europe,VM,57,1990,292,851,16554,4669
2023-03-28,North Europe,Storage,94,1252,341,851,16554,4669
2023-03-28,North Europe,Container,84,1955,436,851,16554,4669
2023-03-28,Southeast Asia,VM,69,1152,388,851,16554,4669
2023-03-28,Southeast Asia,Storage,87,548,389,851,16554,4669
2023-03-28,Southeast Asia,Container,57,1054,289,851,16554,4669
2023-03-29,East US,VM,88,840,444,988,12619,3794
2023-03-29,East US,Storage,98,1203,305,988,12619,3794
2023-03-29,East US,Container,92,881,432,988,12619,3794
2023-03-29,West US,VM,58,1867,236,988,12619,3794
2023-03-29,West US,Storage,98,1052,216,988,12619,3794
2023-03-29,West US,Container,73,1318,258,988,12619,3794
2023-03-29,North Europe,VM,88,682,240,988,12619,3794
2023-03-29,North Europe,Storage,88,896,391,988,12619,3794
2023-03-29,North Europe,Container,60,1406,326,988,12619,3794
2023-03-29,Southeast Asia,VM,95,500,367,988,12619,3794
2023-03-29,Southeast Asia,Storage,93,518,271,988,12619,3794
2023-03-29,Southeast Asia,Container,57,1456,308,988,12619,3794
2023-03-30,East US,VM,61,944,439,947,13448,4533
2023-03-30,East US,Storage,82,1824,289,947,13448,4533
2023-03-30,East US,Container,88,1487,449,947,13448,4533
2023-03-30,West US,VM,54,1019,352,947,13448,4533
2023-03-30,West US,Storage,76,673,357,947,13448,4533
2023-03-30,West US,Container,94,930,414,947,13448,4533
2023-03-30,North Europe,VM,98,1349,345,947,13448,4533
2023-03-30,North Europe,Storage,51,1847,360,947,13448,4533
2023-03-30,North Europe,Container,85,1093,346,947,13448,4533
2023-03-30,Southeast Asia,VM,96,911,283,947,13448,4533
2023-03-30,Southeast Asia,Storage,98,831,442,947,13448,4533
2023-03-30,Southeast Asia,Container,64,540,457,947,13448,4533
2023-03-31,East US,VM,78,604,401,821,15100,4540
2023-03-31,East US,Storage,51,1789,409,821,15100,4540
2023-03-31,East US,Container,58,1900,238,821,15100,4540
2023-03-31,West US,VM,77,1270,283,821,15100,4540
2023-03-31,West US,Storage,55,1166,316,821,15100,4540
2023-03-31,West US,Container,51,886,495,821,15100,4540
2023-03-31,North Europe,VM,51,1604,467,821,15100,4540
2023-03-31,North Europe,Storage,84,734,412,821,15100,4540
2023-03-31,North Europe,Container,98,1650,422,821,15100,4540
2023-03-31,Southeast Asia,VM,74,1802,493,821,15100,4540
2023-03-31,Southeast Asia,Storage,77,776,306,821,15100,4540
2023-03-31,Southeast Asia,Container,67,919,298,821,15100,4540
